"","MCP_9MC203","MCP_9MC204","MCP_9MC205","MCP_9MC206","MCP_9MC207","MCP_9MC208","MCP_9MC209","MCP_9MC210","MCP_9MC211","MCP_9MC212","MCP_9MC213","MCP_9MC214","MCP_9MC215","MCP_11MC206","MCP_11MC207","MCP_11MC208","MCP_11MC209","MCP_11MC210","MCP_11MC211","MCP_11MC212","MCP_11MC213","MCP_11MC214","MCP_12MC206","MCP_12MC207","MCP_12MC208","MCP_12MC209","MCP_12MC210","MCP_12MC211","MCP_12MC212","MCP_12MC213","MCP_12MC214","MCP_14MC205","MCP_14MC206","MCP_14MC207","MCP_14MC208","MCP_14MC209","MCP_14MC210","MCP_14MC211","MCP_14MC212","MCP_14MC213","MCP_14MC214","MCP_15MC206","MCP_15MC207","MCP_15MC208","MCP_15MC209","MCP_15MC210","MCP_15MC211","MCP_15MC212","MCP_15MC213","MCP_15MC214","MCP_5MC206","MCP_5MC207","MCP_5MC208","MCP_5MC209","MCP_5MC210","MCP_5MC211","MCP_5MC212","MCP_5MC213","MCP_5MC214","MCP_5MC215"
"529768d439b63fc1fd2991f7c6ea2071",0,56,0,12,6,4,19,44,30,84,88,112,79,0,8,9,23,10,10,9,37,24,0,0,0,14,6,13,12,8,24,0,0,0,0,0,0,0,0,0,0,0,0,0,0,0,0,6,0,0,446,246,253,211,57,19,21,25,6,12
"ee279c64d4b8ca7b8abd12858f46f0b7",0,0,0,0,0,0,0,0,0,0,0,0,0,0,0,0,0,0,0,0,0,0,0,0,0,0,0,0,0,0,0,0,0,0,0,0,0,0,0,0,0,0,0,0,0,0,0,0,0,0,320,0,0,0,0,0,0,0,0,0
"a86ffce3aa36235385c3e818fd6d55e2",0,0,0,0,0,0,0,0,0,0,0,0,0,0,0,0,0,0,0,0,0,0,64,0,0,0,0,0,0,0,0,0,0,0,0,0,0,0,0,0,0,0,0,0,0,0,0,0,0,0,0,0,0,0,0,0,0,0,0,0
"882b5b49ef18215727a0900958cdec5d",0,0,0,0,0,0,0,0,0,0,0,0,0,0,0,0,0,0,0,0,0,0,0,0,0,0,0,0,0,0,0,0,0,0,0,0,0,0,0,0,0,0,0,0,0,0,0,0,0,0,200,0,0,0,0,0,0,0,0,0
"e77c68a347f34cf3f3ec5f350d91765e",0,0,0,0,0,0,0,0,0,0,0,0,0,0,0,0,0,0,0,0,0,0,125,0,0,0,0,0,0,0,0,0,0,0,0,0,0,0,0,0,0,0,0,0,0,0,0,0,0,0,0,0,0,0,0,0,0,0,0,0
"f80c80d5b3d2a65ffef83d724fc550fc",0,0,0,0,0,0,0,0,0,0,0,0,0,0,0,0,0,0,0,0,0,0,0,0,0,0,0,0,0,0,0,0,0,0,0,0,0,0,0,0,0,0,0,0,0,0,0,0,0,0,868,0,0,0,0,0,0,0,0,0
"780cfabe7c49025896ed05140ecd67df",0,0,0,0,0,0,0,0,0,0,0,0,0,0,0,0,0,0,0,0,0,0,31,0,0,0,0,0,0,0,0,0,0,0,0,0,0,0,0,0,0,0,0,0,0,0,0,0,0,0,0,0,0,0,0,0,0,0,0,0
"7b98f85b43db30c605867cca3737a5bc",0,0,0,0,0,0,0,0,0,0,0,0,0,0,0,0,0,0,0,0,0,0,0,0,0,0,0,0,0,0,0,0,0,0,0,0,0,0,0,0,0,0,0,0,0,0,0,0,0,0,666,0,0,0,0,0,0,0,0,0
"9e9c4270966cf507485654eb33a69880",21,0,0,0,0,0,0,0,0,0,0,0,0,0,0,0,0,0,0,0,0,0,0,0,0,0,0,0,0,0,0,0,0,0,0,0,0,0,0,0,0,0,0,0,0,0,0,0,0,0,0,0,0,0,0,0,0,0,0,0
"60828e70a7f4f35c0badbbf562c86621",0,0,0,0,0,0,0,0,0,0,0,0,0,0,0,0,0,0,0,0,0,0,0,0,0,0,0,0,0,0,0,0,0,0,0,0,0,0,0,0,0,0,0,0,0,0,0,0,0,0,587,0,0,0,0,0,0,0,0,0
"65d43491988bfe557da4d86a5ba25dae",14,14,0,0,0,0,0,0,0,0,0,0,0,0,0,0,0,0,0,0,0,0,0,0,0,0,0,0,0,0,0,0,0,0,0,0,0,0,7,0,0,0,0,0,0,0,0,0,0,0,393,0,0,0,0,0,0,0,0,0
"3fec7111a2c9db0a8a26836e192eb914",0,0,0,0,0,0,0,0,0,0,0,0,0,0,0,0,0,0,0,0,0,0,35,0,0,2,0,0,0,0,0,0,0,0,0,0,0,0,0,0,0,0,0,0,0,0,0,0,0,0,78,0,0,0,0,0,0,0,0,0
"77a920bd965da12d31f93c1adf2c5ea1",0,0,0,0,0,0,0,0,0,0,0,0,0,0,0,0,0,0,0,0,0,0,0,0,0,0,0,0,0,0,0,0,0,0,0,0,0,0,0,0,0,0,0,0,0,0,0,0,0,0,167,0,0,0,0,0,0,0,0,0
"0c579d21280801f02a641e1608606927",0,0,3,0,0,0,0,0,0,0,0,0,0,0,0,0,0,0,0,0,0,0,0,0,0,0,0,0,0,0,0,0,0,0,0,0,0,0,0,0,0,0,0,0,0,0,0,8,0,0,156,0,0,0,0,0,0,0,0,0
"a22c8ef72659b99e76dd5d4ec6b37843",0,0,0,0,0,0,0,0,0,0,0,0,0,0,0,0,0,0,0,0,0,0,0,0,0,0,0,0,0,0,0,0,0,0,0,0,0,0,0,0,0,0,0,0,0,0,0,0,0,0,691,0,0,0,0,0,0,0,0,0
"3501d03f4da902cab194448b80dbcb86",0,0,0,0,0,0,0,0,0,0,0,0,0,0,0,0,0,0,0,0,0,0,0,0,0,0,0,0,0,0,0,0,0,0,0,0,0,0,0,0,0,0,0,0,0,0,0,0,0,0,172,0,0,0,0,0,0,0,0,0
"520c7e89d0c7c72e7d85eed29aaedb70",0,17,7,0,5,12,22,30,69,111,93,111,68,7,3,13,24,21,36,40,31,78,0,4,0,0,14,20,33,42,83,0,0,0,11,9,17,45,48,29,19,0,0,0,0,10,0,6,11,0,0,67,127,139,56,43,15,31,6,20
"6310bd545c25bc818bce75d76bc259a1",0,0,0,0,0,0,0,0,4,0,0,0,0,0,0,0,4,0,0,0,7,0,0,0,0,4,0,12,8,15,11,0,0,10,30,21,53,92,146,122,78,0,0,7,7,7,0,8,3,0,0,0,4,8,0,0,0,0,0,0
"ed4897364210960229ae8b3074c5a6ed",0,0,0,0,0,0,0,0,0,0,0,0,0,0,0,0,0,0,0,0,0,0,0,0,0,0,0,0,0,0,0,0,0,0,0,0,0,0,0,0,0,0,0,0,0,0,0,0,0,0,375,0,0,0,0,0,0,0,0,0
"04ecfad5772d2e09a84a0f5ef460536c",0,0,0,0,0,0,0,0,0,0,0,0,0,0,0,0,0,0,0,0,0,0,26,0,0,0,0,0,0,0,0,0,0,0,0,0,0,0,0,0,0,0,0,0,0,0,0,0,0,0,6,0,0,0,0,0,0,0,0,0
"af27577de5edb10c09f7fc19b9ca45ca",0,255,0,9,0,0,0,0,0,11,0,0,0,0,0,0,0,0,0,0,0,0,0,0,0,0,0,0,0,0,0,0,0,0,0,0,0,0,0,0,0,0,0,0,0,0,0,0,0,0,287,82,86,0,0,0,10,11,0,0
"1583d8af9fd9cb078f88c0e1a8b8a888",245,2789,134,314,378,542,1354,4135,4125,5533,4192,3239,3150,224,591,904,2384,921,1827,2111,2765,2507,114,799,486,1183,1278,1443,2642,2556,2802,213,160,425,503,612,964,2031,2255,1513,1350,1053,1686,1526,1951,3127,3669,3283,2650,1298,1719,1768,2505,4192,1662,1010,653,1077,862,1531
"049d6834edf5433d53636cdf6b649099",0,0,0,0,0,0,0,0,0,0,0,0,0,0,0,0,0,0,0,0,0,0,0,0,0,0,0,0,0,0,0,0,0,0,0,0,0,0,0,0,0,0,0,0,0,0,0,0,0,0,234,0,0,0,0,0,0,0,0,0
"e0775416237335a2e3c1a6c72fdf45a2",0,0,0,0,0,0,0,0,0,0,0,0,0,0,0,0,0,0,0,0,0,0,49,0,0,0,0,0,0,0,0,0,0,0,0,0,0,0,0,0,0,0,0,0,0,0,0,0,0,0,0,0,0,0,0,0,0,0,0,0
"3fa2974b1f70109275811beb1ae321c9",143,1793,155,711,635,588,688,1181,571,607,403,380,572,586,1657,947,1882,317,298,149,148,120,977,3066,904,1120,685,311,318,94,85,1146,714,715,276,182,126,145,82,61,171,138,105,33,14,6,9,6,0,13,1544,706,995,1560,714,434,313,567,277,545
"3d3b8456f25a94a5fb654d950d89ff7a",0,0,0,0,0,0,0,0,0,0,0,0,0,0,0,0,0,0,0,0,0,0,0,0,0,0,0,0,0,0,0,0,0,0,0,0,0,0,0,0,0,0,0,0,0,0,0,0,0,0,252,0,0,0,0,0,0,0,0,0
"adb66bb8694d9482402ea710749a5e74",0,0,0,0,0,0,0,0,0,0,0,0,0,0,0,0,0,0,0,0,0,0,0,0,0,0,0,0,0,0,0,0,0,0,0,0,0,0,0,0,0,0,0,0,0,0,0,0,0,0,232,0,0,0,0,0,0,0,0,0
"cf3381318906e1e08f58bca905636dc0",3450,39512,2221,7386,9828,13306,24158,48349,35461,32774,16251,11752,19523,6026,23965,38376,81359,22509,29189,23664,20936,12486,6134,39433,21137,44494,43517,36862,37654,22591,17965,20445,21089,34075,30181,33003,33450,49145,34640,19586,24599,52814,52019,44422,32066,26019,19827,12830,15263,13735,32432,13999,26610,50210,21444,14495,8959,12814,8616,14128
"836d7a66281192c5285969886c5c3064",0,0,0,0,0,0,0,0,0,0,0,0,0,0,0,0,0,0,0,0,0,0,0,0,0,0,0,0,0,0,0,0,0,0,0,0,0,0,0,0,0,0,0,0,0,0,0,0,0,0,213,0,0,0,0,0,0,0,0,0
"6831965db189b84d62550d3fc7ac3362",0,239,0,0,0,0,0,0,0,0,0,0,0,0,0,0,0,0,0,0,0,0,0,0,0,0,0,0,0,0,0,0,0,0,0,0,0,0,0,0,0,0,0,0,0,0,0,0,0,0,0,0,0,0,0,0,0,0,0,0
"882604d36ffb4dff6d9c25100203b1b8",0,0,0,0,0,0,0,0,0,0,0,0,0,0,0,0,0,0,0,0,0,0,0,0,0,0,0,0,0,0,0,0,0,0,0,0,0,0,0,0,0,0,0,0,0,0,0,0,0,0,313,0,0,0,0,0,0,0,0,0
"4b04c904a782b37ce632c64a6d1212f5",0,0,0,0,0,0,0,0,0,0,0,0,0,0,0,0,0,0,0,0,0,0,0,0,0,0,0,0,0,0,0,0,0,0,0,0,0,0,0,0,0,0,0,0,0,0,0,0,0,0,731,0,0,0,0,0,0,0,0,0
"bb3e83915fc3804efec1b64f5dea8ef1",0,0,0,0,0,0,0,0,0,0,0,0,0,0,0,0,0,0,0,0,0,0,85,0,0,0,0,0,0,0,0,0,0,0,0,0,0,0,0,0,0,0,0,0,0,0,0,0,0,0,0,0,0,0,0,0,0,0,0,0
"98f53519513214e968c569829a1471bb",0,47,0,4,8,11,33,47,45,63,19,0,45,0,23,50,119,13,49,24,35,24,0,33,25,53,56,44,60,53,44,38,41,57,64,80,88,127,159,54,88,205,225,174,108,132,76,63,55,37,0,19,31,65,42,24,0,8,8,16
"a5e4fa1c4fdfceff6877d2ba21ae0b91",0,0,0,0,0,0,6,0,0,0,0,0,0,0,0,0,0,0,0,0,0,0,0,0,0,0,0,0,0,0,0,0,0,0,0,6,21,59,44,0,41,25,44,57,65,75,92,94,76,16,0,0,0,0,0,0,0,0,0,0
"5d622814f77cf33ef91d365003c81b19",18,0,0,0,0,0,0,0,0,0,0,0,0,0,0,0,0,0,0,0,0,0,0,0,0,0,0,0,0,0,0,0,0,0,0,0,0,0,0,0,0,0,0,0,0,0,0,0,0,0,0,0,0,0,0,0,0,0,0,0
"709be4782332e3ad904b1d2c3eda63ee",0,0,0,0,0,0,0,0,0,0,0,0,0,0,0,0,0,0,0,0,0,0,0,0,0,0,0,0,0,0,0,0,0,0,0,0,0,0,0,0,0,0,0,0,0,0,0,0,0,0,160,0,0,0,0,0,0,0,0,0
"d5c62883f6e56836e55aefb9a15623a5",89,949,44,188,180,264,426,1176,1177,1519,1166,931,1007,69,192,308,754,225,472,383,444,415,13,30,10,35,69,35,57,97,54,0,0,0,0,0,0,7,13,0,17,0,0,0,0,0,0,0,0,0,974,800,1139,1788,801,481,238,474,206,408
"801efb14d6457f799fd2becee6d07b72",5,190,13,28,45,35,79,170,94,109,69,75,106,45,149,129,438,93,98,50,50,27,150,591,198,355,224,150,150,87,36,514,388,472,265,301,263,347,235,124,234,715,525,319,227,163,134,80,110,84,25,64,52,161,68,30,22,44,40,49
"bcba47620c299fd34809f143e3d26dff",0,0,0,0,0,0,0,0,0,0,0,0,0,0,0,0,0,0,0,0,0,0,0,0,0,0,0,0,0,0,0,0,0,0,0,0,0,0,0,0,0,0,0,0,0,0,0,0,0,0,716,0,0,0,0,0,0,0,0,0
"d6efd2da2728fd74ded268122ee05036",0,0,0,0,0,0,0,0,0,0,0,0,0,0,0,0,0,0,0,0,0,0,0,0,0,0,0,0,0,0,0,0,0,0,0,0,0,0,0,0,0,0,0,0,0,0,0,0,0,0,389,0,0,0,0,0,0,0,0,0
"9e26dc7c6642e4bf724f8d376d56a973",19,53,7,21,8,24,36,124,170,254,185,135,144,0,15,23,72,29,66,89,123,167,0,14,17,40,48,46,67,93,86,0,0,8,10,11,20,37,84,78,30,0,7,0,0,11,17,7,0,0,16,68,170,250,113,74,46,58,40,93
"b75e2ef0e905fa22619b60098e918ee3",0,18,0,0,0,0,12,50,67,135,136,118,104,0,0,14,31,19,40,61,88,140,0,14,5,0,0,26,48,48,80,0,0,0,0,18,35,72,73,127,130,0,0,5,9,20,34,41,28,0,0,0,43,48,0,15,5,0,12,25
"936f76885e2ff79dde9adf042e7d4617",36,518,0,0,0,19,49,159,200,315,295,316,217,0,0,24,122,30,73,134,238,353,0,19,0,23,34,53,108,110,157,0,7,10,45,55,70,173,339,358,334,0,0,0,0,19,0,0,0,0,660,85,118,165,53,45,0,38,24,38
"1083eb67a7140dca982f34e3968117a3",23,210,34,57,0,28,77,242,327,521,513,455,326,0,21,0,131,60,139,176,297,408,0,0,0,27,38,42,111,133,174,0,0,0,0,0,17,36,66,56,60,0,0,0,0,0,0,0,0,0,1258,115,134,234,98,71,35,70,48,113
"d23dbaf26dbe6cf1224e2d377b9b326b",0,0,0,0,0,0,0,0,0,0,0,0,0,0,0,0,0,0,0,0,0,0,0,0,0,0,0,0,0,0,0,0,0,0,0,0,0,49,64,87,0,0,11,0,0,0,30,37,0,29,0,0,0,0,0,0,0,0,0,0
"d94c20c00db235bb6fccc68f06f100c7",0,79,0,0,25,21,94,283,339,716,580,589,375,0,22,41,167,74,202,239,405,778,0,14,0,19,51,58,165,155,240,0,0,0,0,0,0,27,0,0,0,0,0,0,0,0,0,0,0,0,1036,54,86,148,46,29,0,59,24,54
"740d9b2ea5713119fec5849936b9128b",102,1043,119,206,199,289,574,1593,1597,1996,2072,1876,1694,123,477,647,2145,622,1137,1105,1202,965,152,974,440,985,902,660,991,770,997,653,529,733,449,337,371,629,572,511,536,813,586,288,141,134,135,141,185,125,646,1229,2412,3841,1565,624,253,345,242,464
"5c52f1a4b6e7faeb5c9ccbc1191ffa9f",28,0,0,0,0,0,14,0,0,0,0,5,0,0,0,0,0,0,0,0,0,0,0,0,0,0,0,0,0,0,0,0,0,0,0,0,0,0,0,0,0,0,0,0,0,0,0,0,0,0,0,0,0,0,0,0,0,0,0,0
"137757a3c85a803f683cc1bc8dd4f89a",0,887,0,0,0,0,0,0,0,0,0,0,0,0,0,0,0,0,0,0,0,0,0,0,0,0,0,0,0,0,0,0,0,0,0,0,0,0,0,0,0,0,0,0,0,0,0,0,0,0,0,0,0,0,0,0,0,0,0,0
"6a159ce5ca45e69c8603fedc26103dd9",26,0,0,0,0,0,0,0,0,0,0,0,0,0,0,0,0,0,0,0,0,0,0,0,0,0,0,0,0,0,0,0,0,0,0,0,0,0,0,0,0,0,0,0,0,0,0,0,0,0,0,0,0,0,0,0,0,0,0,0
"8262ab51d7e45df6bec851b10f3fd4b2",0,197,0,0,0,0,0,0,0,0,0,0,0,0,0,0,0,0,0,0,0,0,0,0,0,0,0,0,0,0,0,0,0,0,0,0,0,0,0,0,0,0,0,0,0,0,0,0,0,0,0,0,0,0,0,0,0,0,0,0
"4e1ccbd2b7194a41a5b6225da1509fdf",27,0,0,0,0,0,0,0,0,0,0,0,0,0,0,0,0,0,0,0,0,0,0,0,0,0,0,0,0,0,0,0,0,0,0,0,0,0,0,0,0,0,0,0,0,0,0,0,0,0,0,0,0,0,0,0,0,0,0,0
"80cf3671dca96255c21479ca4af3ca12",27,0,14,0,0,0,0,0,0,15,0,0,0,0,0,0,0,0,0,0,0,0,0,0,0,0,0,0,0,0,0,0,0,0,0,0,0,0,0,0,0,0,0,0,0,0,0,0,0,0,0,16,0,0,0,0,0,0,0,0
"748289d833e671b4848c77b9443c2034",7,145,15,9,9,29,31,110,75,164,121,106,97,7,27,15,99,28,45,53,61,68,0,17,15,27,42,39,32,26,39,0,5,6,4,0,11,13,5,14,0,0,0,0,0,0,0,0,0,0,47,55,61,107,58,38,25,58,43,60
"9d5fa8335722caf15c7501355831afdd",0,0,0,0,0,0,6,0,0,11,0,0,0,0,0,2,12,12,3,8,13,12,0,18,0,5,14,9,25,22,32,11,3,0,28,37,57,132,140,129,111,0,0,0,0,0,0,0,0,0,0,0,0,0,0,0,0,0,0,0
"d40d89b5dcf64f7918b4d54234b2f2d6",0,0,0,0,0,0,0,0,0,0,0,0,0,0,0,0,0,0,0,0,0,0,0,0,0,0,0,0,0,0,0,0,0,0,0,0,0,0,0,0,30,0,0,14,0,26,31,33,50,18,0,0,0,0,0,0,0,0,0,0
"84ea3564fd34c5377c4305b340f0c16f",0,0,20,0,0,0,0,0,0,0,0,0,5,0,0,0,0,0,0,0,0,0,0,0,0,0,0,0,0,0,0,0,0,0,0,0,0,0,0,0,0,0,0,0,0,0,0,0,0,0,1537,42,0,0,0,0,0,4,2,0
"43baaa1588e5409150cd37aff3133ce3",0,0,0,0,0,0,0,0,0,0,0,0,0,0,0,0,0,0,0,0,0,0,0,0,0,0,0,0,0,0,0,0,0,0,0,0,0,0,0,0,0,0,0,0,0,0,0,0,0,0,2082,0,0,0,0,0,0,0,0,0
"dcaa5e57dd7417a42aac2c915ae490c4",0,0,22,0,0,0,0,0,0,0,0,0,0,0,0,0,0,0,0,0,0,0,0,0,0,0,0,0,0,0,0,0,0,0,0,0,0,0,0,0,0,0,0,0,0,0,0,0,0,0,0,0,0,0,0,0,0,0,0,0
"fb2dab56bf8047ade734c2fceccb49e4",0,0,0,0,0,0,0,0,0,0,0,0,0,0,0,0,0,0,0,0,0,0,0,0,0,0,0,0,0,0,0,0,0,0,0,0,0,0,0,0,0,0,0,0,0,0,0,0,0,0,2459,0,20,0,0,0,0,0,0,0
"64edc344889f4279a1292afbe81dc043",24,0,0,0,0,0,0,0,0,0,0,0,0,0,0,0,0,0,0,0,0,0,0,0,0,0,0,0,0,0,0,0,0,0,0,0,0,0,0,0,0,0,0,0,0,0,0,0,0,0,0,0,0,0,0,0,0,4,0,0
"ca2b23c1b70c9034ea6412255f88eb7f",0,8,0,3,0,4,5,28,12,36,23,20,11,0,0,0,3,0,0,5,5,0,0,0,0,0,0,0,0,0,0,0,0,0,0,0,0,0,0,0,0,0,0,0,0,0,0,0,0,0,49,69,90,91,25,26,14,29,12,47
"a6db2d87f1e7a32216e5041a1920f12e",33,485,22,61,68,130,312,1004,1325,2719,2002,1972,1406,79,225,315,960,280,743,911,1430,1523,53,822,448,957,1141,1238,2275,2658,3601,149,164,508,554,991,1532,3223,3660,3170,2768,101,149,198,235,418,613,532,427,162,548,52,99,160,124,142,65,129,121,174
"21d05aac8070d05f493325ca352fde48",0,0,0,0,0,0,0,0,0,17,0,0,0,0,0,0,0,0,0,0,0,4,0,0,3,2,0,0,0,0,0,0,0,0,0,0,0,0,10,0,0,0,0,5,0,3,0,2,0,0,263,0,3,0,0,0,0,0,3,0
"d4cc0a095dd016823ef8c5ad567c91fd",0,0,0,0,0,0,0,0,0,0,0,0,0,0,0,0,0,0,0,0,0,0,511,0,0,0,0,0,0,0,0,0,0,0,0,0,0,0,0,0,0,0,0,0,0,0,0,0,0,0,0,30,0,0,0,0,0,0,0,0
"8215c539c392e8fc631e1d5cddeac7da",0,37,0,0,0,0,7,4,10,6,15,25,15,0,0,0,4,0,5,0,0,5,0,0,0,0,0,0,0,0,0,0,0,0,0,0,0,0,3,0,0,0,0,0,0,0,0,0,0,0,219,56,43,54,21,20,9,8,16,14
"a0bb09fae9e322244745b2b33194e6e1",0,0,0,0,0,0,0,0,0,0,0,0,0,0,0,0,0,0,0,0,0,0,0,0,0,0,0,0,0,0,0,0,0,0,0,0,0,0,0,0,0,0,0,0,0,0,0,0,0,0,614,0,0,0,0,0,0,0,0,0
"cfb98993000a7864ecd250723d57b8db",32,0,0,0,0,0,0,0,0,0,0,0,0,0,0,0,0,0,0,0,0,0,0,0,0,0,0,0,0,0,0,0,0,0,0,0,0,0,0,0,0,0,0,0,0,0,0,0,0,0,0,0,0,0,0,0,0,0,0,0
"051cd6a0d87e6fa959b21dbb10aab655",0,0,0,0,0,0,0,0,0,0,0,0,0,0,0,0,0,0,0,0,0,0,0,0,0,0,0,0,0,0,0,0,0,0,0,0,0,0,0,0,0,0,0,0,0,0,0,0,0,0,183,0,0,0,0,0,0,0,0,0
"fbbbc4675c3912fbbc0136a1c9bf445e",0,0,0,0,0,0,0,0,0,0,0,0,0,0,0,0,0,0,0,0,0,0,67,0,0,0,0,0,0,0,0,0,0,0,0,0,0,0,0,0,0,0,0,0,0,0,0,0,0,0,0,0,0,0,0,0,0,0,0,0
"d007b1413572cc8ba7cd74d1b9b76586",0,0,0,0,0,0,0,0,0,0,0,0,0,0,0,0,0,0,0,0,0,0,0,0,0,0,0,0,0,0,0,0,0,0,0,0,0,0,0,0,0,0,0,0,0,0,0,0,0,0,239,0,0,0,0,0,0,0,0,0
"63413adbe8227f80412e824dffac1f5a",650,7582,270,687,762,1070,2971,8720,8847,12345,10843,10406,9196,298,1004,2202,9430,2972,6293,6808,8038,6561,248,1102,616,2039,2987,3214,5780,5796,6148,497,335,952,1748,2386,4008,8054,9498,8205,5840,206,450,979,931,1597,1631,1785,1582,654,13028,5485,9246,14975,7396,4405,2205,4311,3360,6969
"3c268807febf4b5eb7c6efaa75d3ada5",0,0,0,0,0,0,0,0,0,0,0,0,0,0,0,0,0,0,0,0,0,0,0,0,0,0,0,0,0,0,0,0,0,0,0,0,0,0,0,0,0,0,0,0,0,0,0,0,0,0,457,0,0,0,0,0,0,0,0,0
"f1e34308d952529287ada31976faec95",0,68,13,13,9,18,49,93,94,84,106,108,101,10,23,42,129,45,120,76,141,162,0,35,18,74,75,56,124,132,149,23,14,22,41,63,74,188,157,83,55,31,41,32,36,41,35,41,27,13,0,30,49,83,39,26,16,47,35,71
"8b1b6b50ee8e9d52ac980948823b441f",11,52,2,3,10,17,16,30,41,66,51,44,59,10,30,30,126,15,56,73,117,64,0,71,25,76,75,66,150,165,149,22,17,55,70,130,220,389,389,242,162,12,18,21,36,47,48,56,54,34,0,53,65,86,29,14,14,20,12,21
"9af3467db68cf6063627304cecd46a65",0,0,0,0,0,0,0,0,0,0,0,0,0,0,0,0,0,0,0,0,0,0,0,0,0,0,0,0,0,0,0,0,0,0,0,0,0,0,0,0,0,0,0,0,0,0,0,0,0,0,1728,0,0,0,0,0,0,0,0,0
"1fd6bc25da83cd0fb75d720b1011c0ba",0,0,0,0,0,0,0,0,0,0,0,0,0,0,0,0,0,0,0,0,0,0,0,0,0,0,0,0,0,0,0,0,0,0,0,0,0,0,0,0,0,0,0,0,0,0,0,0,0,0,402,0,0,0,0,0,0,0,0,0
"3e5cc4006667756b128e551a166d5861",0,40,0,18,18,16,12,35,29,20,45,30,26,0,0,4,17,15,8,11,20,25,0,6,0,27,7,14,37,56,77,12,0,7,34,62,103,317,401,290,226,0,0,0,5,17,17,32,38,0,0,42,42,58,28,17,11,24,10,31
"1e5252f7f059d825508ebf3880dffd92",0,0,0,0,0,0,0,0,0,0,0,0,0,0,0,0,0,0,0,0,0,0,0,0,0,0,0,2,0,0,0,0,0,0,0,0,0,0,0,0,0,0,0,0,0,0,0,0,0,0,196,0,0,0,0,0,0,0,0,0
"0606870e7caf9d39f42f23dff84c6190",0,0,0,0,0,0,0,3,0,0,0,0,0,0,0,0,0,0,0,0,0,0,0,0,0,0,0,0,0,0,0,0,0,0,0,0,0,0,0,0,0,0,0,0,0,0,0,0,0,0,916,0,0,6,0,0,0,0,0,0
"b93f0c1f2e8178c7ce1d957ab357dd77",0,0,0,0,0,0,0,0,0,0,0,0,0,0,0,0,0,0,0,0,0,8,0,0,0,0,0,0,0,0,0,0,0,20,25,29,64,129,102,99,44,0,5,7,9,13,3,0,0,0,0,0,0,0,0,0,0,0,0,0
"6c6209f5f79a7be45964b4d69599d1de",0,0,0,0,0,0,0,0,0,0,0,0,0,0,0,0,0,0,0,0,0,0,0,0,0,0,0,0,0,0,0,0,0,0,0,0,0,0,0,0,0,0,0,0,0,0,0,0,0,0,315,0,0,0,0,0,0,0,0,0
"a7d9ac24cf597a17e98e400931d90089",0,12,0,4,0,0,0,15,0,19,28,14,14,0,9,0,18,0,22,18,37,48,0,0,0,4,13,15,31,22,53,4,0,0,6,14,33,79,86,39,45,0,0,0,5,0,0,0,5,0,272,23,26,41,23,10,6,5,0,14
"0e2e91fba1ca9ed7de2d11ea4786c914",0,0,0,0,0,0,0,0,0,0,0,0,0,0,0,0,0,0,0,0,0,0,0,0,0,0,0,0,0,0,0,0,0,0,0,0,0,0,0,0,0,0,0,0,0,0,0,0,0,0,435,0,0,0,0,0,0,0,0,0
"445f98e38592a3e1094e9db4d310c454",0,0,0,0,0,0,0,0,0,0,0,0,0,0,0,0,0,0,0,0,0,0,0,0,0,0,0,0,0,0,0,0,0,0,0,0,0,0,0,0,0,0,0,0,0,0,0,0,0,0,372,0,0,0,0,0,0,0,0,0
"a621f979cf558278fe92df8c81714aeb",0,0,0,0,0,0,0,0,0,0,0,0,0,0,0,0,0,0,0,0,0,0,61,0,0,0,0,0,0,0,0,0,0,0,0,0,0,0,0,0,0,0,0,0,0,0,0,0,0,0,0,0,0,0,0,0,0,0,0,0
"514a6f47fce761ef9f33c737ddb449af",0,0,0,0,0,0,0,0,0,0,0,0,0,0,0,0,0,0,0,0,0,0,0,0,0,0,0,0,0,0,0,0,0,0,0,0,0,0,0,0,0,0,0,0,0,0,0,0,0,0,290,0,0,0,0,0,0,0,0,0
"16bc94b769624c603520cbf89b97f187",0,0,0,0,0,0,0,0,0,0,0,0,0,0,0,0,0,0,0,0,0,0,0,0,0,0,0,0,0,0,0,0,0,0,0,0,0,0,0,0,0,0,0,0,0,0,0,0,0,0,240,0,0,0,0,0,0,0,0,0
"efbe1f58b1e2984ddc53a64f047d94ff",6707,123099,7078,27112,22262,15177,15553,19857,9421,8457,6417,6988,9642,11234,22731,17809,25444,3511,2166,1081,880,835,5935,17756,4465,6279,2636,1382,595,208,208,1698,949,1031,436,195,133,80,73,60,113,278,183,123,111,47,45,0,105,41,53516,12983,23425,33015,20482,15280,11480,19562,11970,23788
"aac191f71ee109979c0a2b9d9c872206",0,0,0,0,0,0,0,0,0,0,0,0,0,0,0,0,0,0,0,0,0,0,0,0,0,0,0,0,0,0,0,0,0,0,0,0,0,0,0,0,0,0,0,0,0,0,0,0,0,0,432,0,0,0,0,0,0,0,0,0
"83c246c4ed456dea2a15d054f16009b3",42,682,15,60,49,96,250,700,922,1293,1005,792,660,71,312,713,3748,1754,4220,4999,7118,6412,72,380,267,1065,1919,2365,4647,5200,7364,0,11,21,45,62,161,336,358,411,261,557,1330,2820,2857,5264,6316,7076,7210,2319,190,38,112,187,85,65,34,41,25,45
"07eb166d091e1aebe641105881f4f2d3",61,1184,41,68,82,118,376,1063,1192,1459,1378,1105,862,0,45,184,826,323,789,863,1309,1425,0,0,0,43,123,133,242,329,385,0,0,0,0,0,0,17,0,0,0,0,0,0,0,0,0,0,0,0,1053,338,583,1209,557,365,195,396,158,336
"7af6ae689696e9ea838fbb88ee9afb78",0,65,0,0,0,0,21,57,74,106,84,73,50,0,0,28,117,48,122,170,205,194,0,13,0,50,103,110,281,253,344,24,8,65,179,230,382,910,1265,1064,712,0,0,0,0,0,0,0,0,0,0,19,0,0,0,10,0,0,0,0
"acc9603a819dc23a606ac6c1b9105b6d",30,567,23,44,36,37,164,460,533,655,482,340,344,23,54,125,742,359,681,865,1147,955,20,111,83,338,804,968,1773,1769,2366,64,36,295,724,1009,1580,3538,4460,3890,2606,610,1444,3728,3380,5138,6446,6809,6944,2325,65,54,59,104,87,57,39,50,36,52
"2bb6b66b5872ff20a6ee6f12a8bb21b9",0,0,0,0,0,0,0,0,0,0,0,0,0,0,0,0,0,0,0,0,0,0,0,0,0,0,0,0,0,0,0,0,0,0,0,0,0,0,0,0,0,0,41,94,111,198,354,412,436,97,0,0,0,0,0,0,0,0,0,0
"79dd8858e8f7f68455b807ef496bbc24",0,0,0,0,0,0,0,0,0,23,0,21,15,0,0,0,0,0,0,0,0,0,0,0,0,0,0,0,0,0,0,0,0,0,0,0,0,14,16,18,14,0,0,0,0,6,0,20,18,0,603,79,102,134,48,16,0,13,0,0
"f1860fe716257bd5fd5c4c6a16cf3b95",0,0,0,0,0,0,0,0,0,0,0,0,0,0,0,0,0,0,0,0,0,0,107,0,0,0,0,0,0,0,0,0,0,0,0,0,0,0,0,0,0,0,0,0,0,0,0,0,0,0,0,0,0,0,0,0,0,0,0,0
"e416d0916760d2fc17b616e2ac3ad855",141,1803,88,176,173,250,827,2325,2292,2812,2187,1989,1622,23,51,172,1163,552,959,1179,1386,1408,0,47,23,122,384,434,684,535,659,0,0,0,0,0,50,107,111,82,62,0,0,0,0,0,0,0,0,0,724,599,876,1497,631,460,365,520,377,648
"d3243a39a25903b4c9384cae24d5d490",0,0,0,0,0,0,0,0,0,0,0,0,0,0,0,0,0,0,0,0,0,0,0,0,0,0,0,0,0,0,0,0,0,0,0,0,0,0,0,0,0,0,0,0,0,0,0,0,0,0,185,0,0,0,0,0,0,0,0,0
"63589e0ca58068c56b69af98b76e3307",0,0,0,0,0,0,0,0,0,0,0,0,0,0,0,0,0,0,0,0,0,0,0,0,0,0,0,0,0,0,0,0,0,0,0,0,0,0,0,0,0,0,0,0,0,0,0,0,0,0,346,0,0,0,0,0,0,0,0,0
"1e104b993416995498346089f57fd3bf",333,4022,145,312,281,471,1546,5187,5320,6877,5100,4816,3360,40,120,347,2300,1169,2304,2594,3346,3055,133,413,303,1380,4345,4713,7506,6479,7851,406,280,2437,7948,10628,16444,31274,35394,35864,25565,127,335,1120,963,1102,1205,1415,1330,554,10472,2567,3946,6326,2741,2005,1485,2745,1591,3505
"137dc661fa672b506fd805198510edf9",12,165,0,0,0,22,60,197,260,455,418,409,253,0,0,0,45,29,68,109,171,219,0,0,0,0,0,9,32,51,47,0,0,0,0,0,0,17,0,0,14,0,0,0,0,0,0,0,0,0,542,226,192,388,143,125,82,146,115,248
"7a4067bb733ba1b9dccbe34f15d4662d",0,0,0,0,0,0,0,0,0,0,0,0,0,0,0,0,0,0,0,0,0,0,0,0,0,0,0,0,0,0,0,0,0,0,0,0,0,0,0,0,0,0,72,220,308,547,665,777,783,222,0,0,0,0,0,0,0,0,0,0
"8a37f09de6e1b34a1825a0fa7d7df873",0,0,0,0,0,0,0,0,0,0,0,0,0,0,0,0,0,0,0,0,0,0,0,0,0,0,0,0,0,0,0,0,0,0,0,0,0,12,17,0,0,96,158,382,516,1218,1511,1812,1993,523,0,0,0,0,0,0,0,0,0,0
"eb79af3a1a9aa989f04b9161f7cfbcd5",0,59,0,0,0,0,0,0,0,133,149,94,0,0,0,0,0,0,0,64,94,74,0,0,0,0,38,0,63,0,149,0,0,0,0,0,0,67,117,91,73,0,0,0,0,24,0,0,0,0,0,0,0,0,0,0,0,0,0,0
"87a918f2af94ff451dd1f9ada0c46ecb",0,25,0,0,0,0,0,34,70,127,85,49,54,0,0,0,0,0,0,0,0,0,0,0,0,0,0,0,0,0,0,0,0,0,0,0,0,0,0,0,0,0,0,0,0,0,0,0,0,0,0,0,0,69,35,0,0,0,0,0
"150cd7168612739c827d01f56101c5f1",0,0,0,0,0,0,0,0,0,0,0,0,0,0,0,0,0,0,0,0,0,0,0,0,0,0,0,0,0,0,0,0,0,0,0,0,0,0,0,0,0,0,0,0,0,0,0,0,0,0,208,0,0,0,0,0,0,0,0,0
"6af6d90437d656acfaae2bd803494060",0,0,0,0,0,0,0,0,0,0,0,0,0,0,0,0,0,0,0,0,0,0,83,0,0,0,0,0,0,0,0,0,0,0,0,0,0,0,0,0,0,0,0,0,0,0,0,0,0,0,0,0,0,0,0,0,0,0,0,0
"aee83626bf99f96165a5c90cc9511595",0,83,0,0,0,0,0,32,26,92,44,42,26,0,0,0,0,0,25,0,33,31,0,0,0,9,20,41,21,33,37,0,0,0,22,0,17,35,41,48,31,0,0,0,0,0,0,0,0,0,112,30,44,50,31,0,0,0,0,0
"27af011f1ebcc0867bb168193e6a9d27",0,202,0,0,21,0,22,70,76,102,120,113,90,0,50,41,88,25,0,52,63,93,11,285,81,91,85,87,129,114,171,372,203,231,134,152,164,318,430,522,600,231,141,96,29,42,48,71,75,50,147,66,57,106,42,0,0,32,0,34
"9c54c522a386d5ed75686001dae803d9",0,354,0,21,0,44,127,370,486,628,470,372,345,0,0,41,144,121,204,244,330,419,0,33,18,35,111,136,187,189,297,0,0,0,16,23,36,39,67,43,31,0,0,0,0,0,0,0,0,0,179,180,257,468,263,198,122,169,133,173
"c1d9eada909d2d5dbe078f25f1038508",0,9,0,0,0,0,0,21,27,38,44,24,21,0,10,0,36,20,58,67,109,136,0,19,9,31,147,147,254,289,516,13,0,16,71,79,180,362,571,672,571,0,22,42,37,51,104,111,114,32,0,11,18,37,21,14,9,12,13,23
"d295b9a63b6148b9f4663819da1c914b",40,420,0,34,21,45,134,424,528,798,557,372,343,0,0,0,0,0,9,0,0,0,0,0,0,0,0,0,0,0,0,0,0,0,0,0,0,0,0,0,0,0,0,0,0,0,0,0,0,0,2398,538,754,1134,665,646,422,799,355,778
"4e6488dfc93f2eefe477c4511d0e8a49",13,0,0,0,0,0,0,0,10,19,0,0,0,0,0,0,0,0,0,0,0,0,0,0,0,0,0,0,0,0,0,0,0,0,0,0,0,0,0,0,0,0,0,0,0,0,0,0,0,0,0,0,0,11,0,0,0,0,0,0
"7ebbb1e6f79a2910951c191a4bf1df66",0,90,0,20,0,24,65,222,263,396,424,313,223,0,0,0,68,46,91,128,194,229,0,0,0,40,0,103,134,190,259,0,0,0,25,24,67,147,201,160,114,0,0,0,0,0,0,23,0,0,204,98,233,261,136,103,44,94,67,123
"df4ff260c5074d4e2ffe0cba9257f266",0,0,0,0,0,0,0,0,0,0,0,0,0,0,0,0,0,0,0,0,0,0,0,0,0,0,0,0,0,0,0,0,0,0,0,0,0,0,0,0,0,0,0,0,0,0,0,0,0,0,189,0,0,0,0,0,0,0,0,0
"29b2870e522fa2d0b60ae25278a57c5b",0,47,7,0,0,0,32,62,71,137,118,123,73,0,0,0,26,5,29,35,59,40,0,0,0,0,5,5,9,13,24,0,0,0,0,0,0,0,0,0,0,0,0,0,0,0,0,0,0,0,784,47,98,117,60,46,36,86,41,95
"9eab7a1249300ee6e9757c224201f94d",0,0,0,0,0,0,0,0,0,0,0,0,0,0,0,0,0,0,0,0,0,0,0,0,0,0,0,0,0,0,0,0,0,0,0,0,0,0,0,0,0,0,0,0,0,0,0,0,0,0,154,0,0,0,0,0,0,0,0,0
"65a75a16ddf0882daec9e72eea3aa180",0,23,0,0,0,4,8,65,65,72,115,102,74,0,0,13,14,11,13,39,80,86,0,13,4,7,14,21,50,64,119,0,0,0,3,16,24,61,99,97,66,0,0,0,0,7,6,0,9,0,0,6,23,13,22,10,5,13,15,35
"0e3ce5a41c4cf794c9c92ce2e359943b",0,0,0,0,0,0,0,0,0,0,0,0,0,0,0,0,0,0,0,0,0,0,0,0,0,0,0,0,0,0,0,0,0,0,0,0,0,0,0,0,0,0,0,0,0,0,0,41,0,0,0,0,0,0,0,0,0,0,0,0
"7ada9e0268a1f22ffd4b514989a91672",0,0,0,0,0,0,0,0,0,0,0,0,0,0,0,0,0,0,0,0,0,0,0,0,0,0,0,0,0,0,0,0,0,0,0,0,0,0,0,0,0,0,0,0,8,0,0,0,47,0,0,0,0,0,0,0,0,0,0,0
"e657907312415da47ee5d5a4796a675a",0,0,0,6,0,0,0,31,25,26,36,52,43,0,2,0,18,0,14,15,21,34,0,0,0,0,2,0,4,9,11,0,0,0,0,0,0,0,0,0,0,0,0,0,0,0,0,0,0,0,0,0,37,56,22,7,8,12,8,30
"0ae5531a9802e71139c959faebdde10c",0,90,0,0,0,12,21,29,59,81,52,71,74,0,0,0,37,0,26,22,26,53,0,0,0,0,28,11,21,36,34,0,0,0,0,15,21,52,38,18,0,0,3,0,0,0,0,0,0,0,0,62,62,116,58,34,32,33,30,46
"6df95b4c8ba293fded6976aacf45572e",0,0,0,0,0,0,0,0,0,0,0,0,0,0,0,0,0,0,0,0,0,0,0,0,0,0,0,0,0,0,0,0,0,0,0,0,0,0,0,0,0,0,0,0,0,0,0,0,0,0,378,0,0,0,0,0,0,0,0,0
"29f3083d2d8f993bec5a67e7af219321",0,0,0,0,0,4,0,21,25,44,45,51,60,0,0,15,52,12,31,51,60,70,0,0,0,18,17,16,57,70,101,0,0,0,8,9,35,79,119,64,54,0,0,0,0,0,0,0,0,0,0,16,20,20,12,0,13,4,8,14
"5ed8f8f3a98e669d81b30c56825e0870",0,240,5,22,35,27,50,105,79,78,80,90,64,12,43,121,237,60,91,107,74,37,0,132,69,257,163,107,129,118,100,299,336,668,448,424,545,667,447,257,206,4160,3988,2429,1460,1345,668,403,471,546,680,37,54,59,40,38,22,11,34,69
"5c21f017407dbb74aea300b42e85dd30",0,3,0,0,0,0,0,17,13,0,17,30,0,0,0,14,21,6,22,23,25,15,0,0,4,15,11,16,35,51,75,7,0,5,0,17,46,76,127,58,59,0,0,0,0,0,0,0,0,0,0,0,4,15,8,0,0,0,0,0
"ae88f77525a7096df7c0d9c6ede9f846",0,0,0,0,0,0,0,14,0,0,0,0,0,0,0,0,0,0,0,0,0,16,0,0,0,0,0,0,0,0,0,2,0,4,0,0,0,0,0,12,0,0,0,0,0,0,0,0,0,0,0,50,0,0,30,0,0,0,0,0
"1e363e2cc25edecbed528fc4aeef8cf3",0,0,0,0,0,0,0,0,0,0,0,0,0,0,0,0,0,0,0,0,0,0,0,0,0,0,0,0,0,0,0,0,0,0,0,0,0,0,0,0,0,0,0,0,0,0,0,0,0,0,780,0,0,0,0,0,0,0,0,0
